timestamp,I0,Q0,I1,Q1,I2,Q2,I3,Q3,I4,Q4,I5,Q5,I6,Q6,I7,Q7,I8,Q8,I9,Q9,I10,Q10,I11,Q11,I12,Q12,I13,Q13,I14,Q14,I15,Q15,I16,Q16,I17,Q17,I18,Q18,I19,Q19,I20,Q20,I21,Q21,I22,Q22,I23,Q23,I24,Q24,I25,Q25,I26,Q26,I27,Q27,I28,Q28,I29,Q29,I30,Q30,I31,Q31,I32,Q32,I33,Q33,I34,Q34,I35,Q35,I36,Q36,I37,Q37,I38,Q38,I39,Q39,I40,Q40,I41,Q41,I42,Q42,I43,Q43,I44,Q44,I45,Q45,I46,Q46,I47,Q47,I48,Q48,I49,Q49,I50,Q50,I51,Q51
2025-05-21 14:20:33.186000,4,27,7,27,9,27,10,26,11,25,12,23,13,21,15,20,17,19,19,19,20,19,20,20,19,20,17,20,14,19,12,17,10,14,8,10,8,6,9,3,10,0,11,-2,12,-2,13,-3,14,-3,3,-1,0,0,0,0,0,0,0,0,0,0,0,0,0,0,0,0,0,0,0,0,-1,4,-3,6,-7,7,-10,8,-13,8,-16,7,-17,5,-18,3,-17,1,-15,-1,-13,-1,-9,-1,-6,2,-2,5,0,10,2,15
2025-05-21 14:20:33.196000,4,27,7,27,9,27,10,26,11,25,12,23,13,21,15,20,17,19,19,19,20,19,20,20,19,20,17,20,14,19,12,17,10,14,8,10,8,6,9,3,10,0,11,-2,12,-2,13,-3,14,-3,3,-1,0,0,0,0,0,0,0,0,0,0,0,0,0,0,0,0,0,0,0,0,-1,4,-3,6,-7,7,-10,8,-13,8,-16,7,-17,5,-18,3,-17,1,-15,-1,-13,-1,-9,-1,-6,2,-2,5,0,10,2,15
2025-05-21 14:20:33.216000,4,27,7,27,9,27,10,26,11,25,12,23,13,21,15,20,17,19,19,19,20,19,20,20,19,20,17,20,14,19,12,17,10,14,8,10,8,6,9,3,10,0,11,-2,12,-2,13,-3,14,-3,3,-1,0,0,0,0,0,0,0,0,0,0,0,0,0,0,0,0,0,0,0,0,-1,4,-3,6,-7,7,-10,8,-13,8,-16,7,-17,5,-18,3,-17,1,-15,-1,-13,-1,-9,-1,-6,2,-2,5,0,10,2,15
2025-05-21 14:20:33.226000,-18,-21,-21,-20,-22,-19,-23,-18,-23,-17,-23,-15,-23,-12,-24,-10,-26,-8,-27,-7,-28,-6,-29,-7,-28,-8,-26,-9,-23,-9,-20,-9,-16,-7,-13,-5,-11,-2,-10,1,-9,4,-10,6,-10,8,-10,9,-11,9,-3,2,0,0,0,0,0,0,0,0,0,0,0,0,0,0,0,0,0,0,-1,-1,-3,-5,-1,-8,1,-11,3,-13,6,-14,9,-14,11,-14,13,-12,14,-10,13,-8,11,-5,7,-4,3,-4,-1,-6,-6,-8,-10,-12
2025-05-21 14:20:33.236000,12,24,15,23,16,23,17,22,18,21,19,19,20,16,21,14,23,12,24,11,26,12,26,12,25,14,23,14,20,14,17,12,13,10,11,7,10,4,9,0,9,-3,10,-5,11,-7,12,-7,13,-8,3,-2,0,0,0,0,0,0,0,0,0,0,0,0,0,0,0,0,0,0,0,0,0,4,-1,7,-4,9,-7,11,-10,11,-13,11,-16,10,-17,8,-17,6,-16,4,-13,2,-9,1,-5,3,-1,5,3,9,6,13
2025-05-21 14:20:33.246000,12,24,15,23,16,23,17,22,18,21,19,19,20,16,21,14,23,12,24,11,26,12,26,12,25,14,23,14,20,14,17,12,13,10,11,7,10,4,9,0,9,-3,10,-5,11,-7,12,-7,13,-8,3,-2,0,0,0,0,0,0,0,0,0,0,0,0,0,0,0,0,0,0,0,0,0,4,-1,7,-4,9,-7,11,-10,11,-13,11,-16,10,-17,8,-17,6,-16,4,-13,2,-9,1,-5,3,-1,5,3,9,6,13
2025-05-21 14:20:33.256000,12,24,15,23,16,23,17,22,18,21,19,19,20,16,21,14,23,12,24,11,26,12,26,12,25,14,23,14,20,14,17,12,13,10,11,7,10,4,9,0,9,-3,10,-5,11,-7,12,-7,13,-8,3,-2,0,0,0,0,0,0,0,0,0,0,0,0,0,0,0,0,0,0,0,0,0,4,-1,7,-4,9,-7,11,-10,11,-13,11,-16,10,-17,8,-17,6,-16,4,-13,2,-9,1,-5,3,-1,5,3,9,6,13
2025-05-21 14:20:33.266000,12,24,15,23,16,23,17,22,18,21,19,19,20,16,21,14,23,12,24,11,26,12,26,12,25,14,23,14,20,14,17,12,13,10,11,7,10,4,9,0,9,-3,10,-5,11,-7,12,-7,13,-8,3,-2,0,0,0,0,0,0,0,0,0,0,0,0,0,0,0,0,0,0,0,0,0,4,-1,7,-4,9,-7,11,-10,11,-13,11,-16,10,-17,8,-17,6,-16,4,-13,2,-9,1,-5,3,-1,5,3,9,6,13
2025-05-21 14:20:33.276000,23,-15,22,-18,21,-20,20,-20,19,-20,17,-20,14,-22,12,-23,10,-25,9,-27,9,-28,9,-28,11,-27,11,-25,12,-22,11,-19,8,-16,5,-13,2,-11,-1,-10,-4,-10,-6,-10,-8,-11,-9,-12,-9,-13,-3,-4,0,0,0,0,0,0,0,0,0,0,0,0,0,0,0,0,0,0,0,-1,4,-1,7,0,9,2,11,5,12,8,12,11,11,14,9,15,7,15,5,14,3,12,2,8,3,4,5,-1,8,-5,13,-8
2025-05-21 14:20:33.286000,23,-15,22,-18,21,-20,20,-20,19,-20,17,-20,14,-22,12,-23,10,-25,9,-27,9,-28,9,-28,11,-27,11,-25,12,-22,11,-19,8,-16,5,-13,2,-11,-1,-10,-4,-10,-6,-10,-8,-11,-9,-12,-9,-13,-3,-4,0,0,0,0,0,0,0,0,0,0,0,0,0,0,0,0,0,0,0,-1,4,-1,7,0,9,2,11,5,12,8,12,11,11,14,9,15,7,15,5,14,3,12,2,8,3,4,5,-1,8,-5,13,-8
2025-05-21 14:20:33.296000,23,-15,22,-18,21,-20,20,-20,19,-20,17,-20,14,-22,12,-23,10,-25,9,-27,9,-28,9,-28,11,-27,11,-25,12,-22,11,-19,8,-16,5,-13,2,-11,-1,-10,-4,-10,-6,-10,-8,-11,-9,-12,-9,-13,-3,-4,0,0,0,0,0,0,0,0,0,0,0,0,0,0,0,0,0,0,0,-1,4,-1,7,0,9,2,11,5,12,8,12,11,11,14,9,15,7,15,5,14,3,12,2,8,3,4,5,-1,8,-5,13,-8
2025-05-21 14:20:33.306000,23,-15,22,-18,21,-20,20,-20,19,-20,17,-20,14,-22,12,-23,10,-25,9,-27,9,-28,9,-28,11,-27,11,-25,12,-22,11,-19,8,-16,5,-13,2,-11,-1,-10,-4,-10,-6,-10,-8,-11,-9,-12,-9,-13,-3,-4,0,0,0,0,0,0,0,0,0,0,0,0,0,0,0,0,0,0,0,-1,4,-1,7,0,9,2,11,5,12,8,12,11,11,14,9,15,7,15,5,14,3,12,2,8,3,4,5,-1,8,-5,13,-8
2025-05-21 14:20:33.316000,15,23,17,22,18,21,20,20,20,19,21,17,21,14,22,12,24,11,25,10,27,10,27,10,26,11,24,12,21,12,18,11,14,9,12,6,10,3,9,0,9,-3,10,-6,10,-7,11,-8,12,-8,3,-2,0,0,0,0,0,0,0,0,0,0,0,0,0,0,0,0,0,0,0,0,1,4,0,7,-3,9,-5,11,-8,13,-11,13,-14,12,-16,10,-16,8,-15,6,-13,4,-9,3,-5,3,0,5,4,8,8,12
2025-05-21 14:20:33.326000,15,23,17,22,18,21,20,20,20,19,21,17,21,14,22,12,24,11,25,10,27,10,27,10,26,11,24,12,21,12,18,11,14,9,12,6,10,3,9,0,9,-3,10,-6,10,-7,11,-8,12,-8,3,-2,0,0,0,0,0,0,0,0,0,0,0,0,0,0,0,0,0,0,0,0,1,4,0,7,-3,9,-5,11,-8,13,-11,13,-14,12,-16,10,-16,8,-15,6,-13,4,-9,3,-5,3,0,5,4,8,8,12
2025-05-21 14:20:33.336000,-23,11,-22,13,-22,14,-21,15,-20,15,-18,16,-16,17,-14,18,-13,20,-12,21,-12,22,-13,23,-13,22,-14,20,-13,17,-12,15,-10,12,-7,10,-4,9,-1,8,1,8,3,9,5,10,5,11,5,11,1,2,0,0,0,0,0,0,0,0,0,0,0,0,0,0,0,0,0,0,-1,0,-5,0,-7,-2,-9,-4,-11,-6,-11,-9,-10,-12,-9,-14,-8,-15,-6,-15,-4,-14,-3,-11,-2,-8,-3,-4,-5,0,-9,3,-13,5
2025-05-21 14:20:33.346000,-23,11,-22,13,-22,14,-21,15,-20,15,-18,16,-16,17,-14,18,-13,20,-12,21,-12,22,-13,23,-13,22,-14,20,-13,17,-12,15,-10,12,-7,10,-4,9,-1,8,1,8,3,9,5,10,5,11,5,11,1,2,0,0,0,0,0,0,0,0,0,0,0,0,0,0,0,0,0,0,-1,0,-5,0,-7,-2,-9,-4,-11,-6,-11,-9,-10,-12,-9,-14,-8,-15,-6,-15,-4,-14,-3,-11,-2,-8,-3,-4,-5,0,-9,3,-13,5
2025-05-21 14:20:33.356000,-23,11,-22,13,-22,14,-21,15,-20,15,-18,16,-16,17,-14,18,-13,20,-12,21,-12,22,-13,23,-13,22,-14,20,-13,17,-12,15,-10,12,-7,10,-4,9,-1,8,1,8,3,9,5,10,5,11,5,11,1,2,0,0,0,0,0,0,0,0,0,0,0,0,0,0,0,0,0,0,-1,0,-5,0,-7,-2,-9,-4,-11,-6,-11,-9,-10,-12,-9,-14,-8,-15,-6,-15,-4,-14,-3,-11,-2,-8,-3,-4,-5,0,-9,3,-13,5
2025-05-21 14:20:33.366000,-23,11,-22,13,-22,14,-21,15,-20,15,-18,16,-16,17,-14,18,-13,20,-12,21,-12,22,-13,23,-13,22,-14,20,-13,17,-12,15,-10,12,-7,10,-4,9,-1,8,1,8,3,9,5,10,5,11,5,11,1,2,0,0,0,0,0,0,0,0,0,0,0,0,0,0,0,0,0,0,-1,0,-5,0,-7,-2,-9,-4,-11,-6,-11,-9,-10,-12,-9,-14,-8,-15,-6,-15,-4,-14,-3,-11,-2,-8,-3,-4,-5,0,-9,3,-13,5
2025-05-21 14:20:33.386000,19,18,22,16,24,14,25,13,24,12,24,9,24,6,25,4,25,1,27,0,28,-1,29,-1,28,1,27,2,23,3,20,3,16,2,12,0,9,-2,8,-5,7,-7,6,-10,5,-12,6,-13,7,-13,2,-4,0,0,0,0,0,0,0,0,0,0,0,0,0,0,0,0,0,0,0,1,0,4,1,7,0,11,-3,13,-8,13,-10,14,-11,15,-13,12,-15,9,-14,6,-11,2,-8,1,-3,3,2,2,7,5,11,10
2025-05-21 14:20:33.396000,19,18,22,16,24,14,25,13,24,12,24,9,24,6,25,4,25,1,27,0,28,-1,29,-1,28,1,27,2,23,3,20,3,16,2,12,0,9,-2,8,-5,7,-7,6,-10,5,-12,6,-13,7,-13,2,-4,0,0,0,0,0,0,0,0,0,0,0,0,0,0,0,0,0,0,0,1,0,4,1,7,0,11,-3,13,-8,13,-10,14,-11,15,-13,12,-15,9,-14,6,-11,2,-8,1,-3,3,2,2,7,5,11,10
2025-05-21 14:20:33.406000,19,18,22,16,24,14,25,13,24,12,24,9,24,6,25,4,25,1,27,0,28,-1,29,-1,28,1,27,2,23,3,20,3,16,2,12,0,9,-2,8,-5,7,-7,6,-10,5,-12,6,-13,7,-13,2,-4,0,0,0,0,0,0,0,0,0,0,0,0,0,0,0,0,0,0,0,1,0,4,1,7,0,11,-3,13,-8,13,-10,14,-11,15,-13,12,-15,9,-14,6,-11,2,-8,1,-3,3,2,2,7,5,11,10
2025-05-21 14:20:33.416000,-13,-22,-15,-21,-17,-20,-18,-19,-18,-18,-19,-16,-19,-14,-20,-12,-22,-11,-23,-10,-25,-10,-25,-10,-24,-11,-22,-13,-19,-12,-16,-11,-13,-9,-11,-7,-10,-4,-9,-1,-9,2,-10,4,-10,6,-11,6,-12,6,-3,1,0,0,0,0,0,0,0,0,0,0,0,0,0,0,0,0,0,0,-1,-1,-2,-5,-1,-7,2,-10,4,-11,7,-12,10,-12,12,-11,13,-9,13,-7,12,-5,10,-4,7,-3,3,-4,-1,-6,-5,-8,-8,-12
2025-05-21 14:20:33.426000,-25,-13,-27,-11,-28,-10,-28,-8,-28,-7,-27,-5,-27,-2,-26,0,-27,3,-28,4,-29,5,-29,5,-29,4,-28,2,-25,0,-22,-1,-18,0,-14,1,-11,3,-8,5,-7,7,-6,9,-6,11,-6,12,-7,13,-2,3,0,0,0,0,0,0,0,0,0,0,0,0,0,0,0,0,0,0,-1,-1,-4,-4,-4,-7,-3,-11,-1,-13,1,-16,3,-17,6,-17,8,-16,9,-15,9,-12,8,-9,5,-7,1,-6,-3,-5,-9,-6,-14,-8
2025-05-21 14:20:33.436000,-25,-13,-27,-11,-28,-10,-28,-8,-28,-7,-27,-5,-27,-2,-26,0,-27,3,-28,4,-29,5,-29,5,-29,4,-28,2,-25,0,-22,-1,-18,0,-14,1,-11,3,-8,5,-7,7,-6,9,-6,11,-6,12,-7,13,-2,3,0,0,0,0,0,0,0,0,0,0,0,0,0,0,0,0,0,0,-1,-1,-4,-4,-4,-7,-3,-11,-1,-13,1,-16,3,-17,6,-17,8,-16,9,-15,9,-12,8,-9,5,-7,1,-6,-3,-5,-9,-6,-14,-8
2025-05-21 14:20:33.446000,25,-11,24,-14,24,-16,23,-17,22,-17,20,-18,17,-19,15,-21,14,-23,14,-24,14,-25,14,-26,15,-25,16,-23,15,-20,13,-17,11,-14,7,-12,4,-11,0,-10,-2,-10,-4,-11,-6,-12,-6,-13,-6,-14,-2,-4,0,0,0,0,0,0,0,0,0,0,0,0,0,0,0,0,0,0,1,-1,4,-1,7,1,9,4,10,7,10,10,10,13,9,15,7,16,5,16,3,14,1,12,1,8,2,4,5,0,9,-3,14,-6
2025-05-21 14:20:33.456000,25,-11,24,-14,24,-16,23,-17,22,-17,20,-18,17,-19,15,-21,14,-23,14,-24,14,-25,14,-26,15,-25,16,-23,15,-20,13,-17,11,-14,7,-12,4,-11,0,-10,-2,-10,-4,-11,-6,-12,-6,-13,-6,-14,-2,-4,0,0,0,0,0,0,0,0,0,0,0,0,0,0,0,0,0,0,1,-1,4,-1,7,1,9,4,10,7,10,10,10,13,9,15,7,16,5,16,3,14,1,12,1,8,2,4,5,0,9,-3,14,-6
2025-05-21 14:20:33.466000,25,-11,24,-14,24,-16,23,-17,22,-17,20,-18,17,-19,15,-21,14,-23,14,-24,14,-25,14,-26,15,-25,16,-23,15,-20,13,-17,11,-14,7,-12,4,-11,0,-10,-2,-10,-4,-11,-6,-12,-6,-13,-6,-14,-2,-4,0,0,0,0,0,0,0,0,0,0,0,0,0,0,0,0,0,0,1,-1,4,-1,7,1,9,4,10,7,10,10,10,13,9,15,7,16,5,16,3,14,1,12,1,8,2,4,5,0,9,-3,14,-6
2025-05-21 14:20:33.476000,25,-11,24,-14,24,-16,23,-17,22,-17,20,-18,17,-19,15,-21,14,-23,14,-24,14,-25,14,-26,15,-25,16,-23,15,-20,13,-17,11,-14,7,-12,4,-11,0,-10,-2,-10,-4,-11,-6,-12,-6,-13,-6,-14,-2,-4,0,0,0,0,0,0,0,0,0,0,0,0,0,0,0,0,0,0,1,-1,4,-1,7,1,9,4,10,7,10,10,10,13,9,15,7,16,5,16,3,14,1,12,1,8,2,4,5,0,9,-3,14,-6
2025-05-21 14:20:33.496000,-8,-31,-11,-31,-13,-31,-14,-30,-15,-29,-16,-27,-18,-24,-20,-22,-22,-21,-24,-21,-25,-21,-26,-22,-25,-23,-22,-23,-19,-22,-16,-19,-13,-16,-11,-12,-11,-8,-11,-4,-12,-1,-13,2,-14,3,-16,3,-17,3,-5,0,0,0,0,0,0,0,0,0,0,0,0,0,0,0,0,0,0,0,-1,-2,0,-6,2,-8,6,-10,9,-11,13,-11,16,-10,18,-8,19,-6,18,-3,17,-2,13,-1,9,-1,5,-3,1,-7,-2,-12,-4,-17
2025-05-21 14:20:33.506000,-8,-31,-11,-31,-13,-31,-14,-30,-15,-29,-16,-27,-18,-24,-20,-22,-22,-21,-24,-21,-25,-21,-26,-22,-25,-23,-22,-23,-19,-22,-16,-19,-13,-16,-11,-12,-11,-8,-11,-4,-12,-1,-13,2,-14,3,-16,3,-17,3,-5,0,0,0,0,0,0,0,0,0,0,0,0,0,0,0,0,0,0,0,-1,-2,0,-6,2,-8,6,-10,9,-11,13,-11,16,-10,18,-8,19,-6,18,-3,17,-2,13,-1,9,-1,5,-3,1,-7,-2,-12,-4,-17
2025-05-21 14:20:33.546000,-22,17,-20,19,-19,21,-19,21,-17,21,-15,21,-13,22,-11,23,-8,24,-7,26,-7,27,-8,28,-9,27,-10,25,-10,22,-9,18,-7,15,-5,12,-2,10,1,9,3,8,6,8,7,9,8,10,9,11,2,2,0,0,0,0,0,0,0,0,0,0,0,0,0,0,0,0,0,0,-1,0,-5,2,-8,1,-11,-1,-13,-4,-14,-7,-14,-10,-14,-12,-12,-14,-10,-15,-8,-14,-6,-11,-5,-8,-4,-4,-6,1,-9,5,-13,9
2025-05-21 14:20:33.556000,7,23,9,23,10,23,11,22,12,21,13,19,14,17,15,16,17,15,19,14,20,15,20,15,19,16,17,16,14,16,12,14,10,11,8,8,8,5,8,2,9,-1,9,-2,10,-4,11,-4,12,-4,3,-1,0,0,0,0,0,0,0,0,0,0,0,0,0,0,0,0,0,0,0,0,0,4,-2,6,-5,8,-8,9,-11,9,-13,8,-15,6,-16,5,-15,3,-14,1,-11,0,-8,0,-4,2,-1,5,2,8,3,12
2025-05-21 14:20:33.566000,7,23,9,23,10,23,11,22,12,21,13,19,14,17,15,16,17,15,19,14,20,15,20,15,19,16,17,16,14,16,12,14,10,11,8,8,8,5,8,2,9,-1,9,-2,10,-4,11,-4,12,-4,3,-1,0,0,0,0,0,0,0,0,0,0,0,0,0,0,0,0,0,0,0,0,0,4,-2,6,-5,8,-8,9,-11,9,-13,8,-15,6,-16,5,-15,3,-14,1,-11,0,-8,0,-4,2,-1,5,2,8,3,12
2025-05-21 14:20:33.576000,7,23,9,23,10,23,11,22,12,21,13,19,14,17,15,16,17,15,19,14,20,15,20,15,19,16,17,16,14,16,12,14,10,11,8,8,8,5,8,2,9,-1,9,-2,10,-4,11,-4,12,-4,3,-1,0,0,0,0,0,0,0,0,0,0,0,0,0,0,0,0,0,0,0,0,0,4,-2,6,-5,8,-8,9,-11,9,-13,8,-15,6,-16,5,-15,3,-14,1,-11,0,-8,0,-4,2,-1,5,2,8,3,12
2025-05-21 14:20:33.586000,7,23,9,23,10,23,11,22,12,21,13,19,14,17,15,16,17,15,19,14,20,15,20,15,19,16,17,16,14,16,12,14,10,11,8,8,8,5,8,2,9,-1,9,-2,10,-4,11,-4,12,-4,3,-1,0,0,0,0,0,0,0,0,0,0,0,0,0,0,0,0,0,0,0,0,0,4,-2,6,-5,8,-8,9,-11,9,-13,8,-15,6,-16,5,-15,3,-14,1,-11,0,-8,0,-4,2,-1,5,2,8,3,12
2025-05-21 14:20:33.606000,6,23,8,23,10,23,11,22,12,21,13,19,14,17,15,16,17,15,18,15,19,15,20,15,19,16,17,16,15,15,12,14,10,11,9,8,8,5,8,2,8,-1,9,-3,10,-4,11,-4,12,-4,3,-1,0,0,0,0,0,0,0,0,0,0,0,0,0,0,0,0,0,0,0,0,-1,4,-3,5,-6,7,-9,8,-11,8,-14,7,-15,5,-16,3,-15,2,-14,0,-12,-1,-8,-1,-5,1,-1,4,1,8,3,12
2025-05-21 14:20:33.616000,6,23,8,23,10,23,11,22,12,21,13,19,14,17,15,16,17,15,18,15,19,15,20,15,19,16,17,16,15,15,12,14,10,11,9,8,8,5,8,2,8,-1,9,-3,10,-4,11,-4,12,-4,3,-1,0,0,0,0,0,0,0,0,0,0,0,0,0,0,0,0,0,0,0,0,-1,4,-3,5,-6,7,-9,8,-11,8,-14,7,-15,5,-16,3,-15,2,-14,0,-12,-1,-8,-1,-5,1,-1,4,1,8,3,12
2025-05-21 14:20:33.626000,6,23,8,23,10,23,11,22,12,21,13,19,14,17,15,16,17,15,18,15,19,15,20,15,19,16,17,16,15,15,12,14,10,11,9,8,8,5,8,2,8,-1,9,-3,10,-4,11,-4,12,-4,3,-1,0,0,0,0,0,0,0,0,0,0,0,0,0,0,0,0,0,0,0,0,-1,4,-3,5,-6,7,-9,8,-11,8,-14,7,-15,5,-16,3,-15,2,-14,0,-12,-1,-8,-1,-5,1,-1,4,1,8,3,12
2025-05-21 14:20:33.636000,-27,-10,-28,-8,-29,-7,-29,-6,-29,-5,-28,-3,-27,0,-26,2,-27,5,-28,6,-29,7,-29,7,-29,5,-28,4,-25,2,-22,1,-18,1,-14,2,-11,3,-8,5,-7,8,-6,10,-5,11,-6,12,-6,13,-2,3,0,0,0,0,0,0,0,0,0,0,0,0,0,0,0,0,0,0,-1,-1,-4,-4,-5,-7,-4,-10,-3,-13,-1,-16,1,-17,4,-18,6,-17,7,-16,8,-13,7,-10,4,-7,0,-5,-4,-5,-10,-5,-15,-7
2025-05-21 14:20:33.646000,-27,-10,-28,-8,-29,-7,-29,-6,-29,-5,-28,-3,-27,0,-26,2,-27,5,-28,6,-29,7,-29,7,-29,5,-28,4,-25,2,-22,1,-18,1,-14,2,-11,3,-8,5,-7,8,-6,10,-5,11,-6,12,-6,13,-2,3,0,0,0,0,0,0,0,0,0,0,0,0,0,0,0,0,0,0,-1,-1,-4,-4,-5,-7,-4,-10,-3,-13,-1,-16,1,-17,4,-18,6,-17,7,-16,8,-13,7,-10,4,-7,0,-5,-4,-5,-10,-5,-15,-7
2025-05-21 14:20:33.656000,-27,-10,-28,-8,-29,-7,-29,-6,-29,-5,-28,-3,-27,0,-26,2,-27,5,-28,6,-29,7,-29,7,-29,5,-28,4,-25,2,-22,1,-18,1,-14,2,-11,3,-8,5,-7,8,-6,10,-5,11,-6,12,-6,13,-2,3,0,0,0,0,0,0,0,0,0,0,0,0,0,0,0,0,0,0,-1,-1,-4,-4,-5,-7,-4,-10,-3,-13,-1,-16,1,-17,4,-18,6,-17,7,-16,8,-13,7,-10,4,-7,0,-5,-4,-5,-10,-5,-15,-7
2025-05-21 14:20:33.666000,-27,-10,-28,-8,-29,-7,-29,-6,-29,-5,-28,-3,-27,0,-26,2,-27,5,-28,6,-29,7,-29,7,-29,5,-28,4,-25,2,-22,1,-18,1,-14,2,-11,3,-8,5,-7,8,-6,10,-5,11,-6,12,-6,13,-2,3,0,0,0,0,0,0,0,0,0,0,0,0,0,0,0,0,0,0,-1,-1,-4,-4,-5,-7,-4,-10,-3,-13,-1,-16,1,-17,4,-18,6,-17,7,-16,8,-13,7,-10,4,-7,0,-5,-4,-5,-10,-5,-15,-7
2025-05-21 14:20:33.676000,26,5,27,3,28,1,28,0,27,0,26,-2,25,-5,24,-8,24,-11,24,-12,25,-13,26,-13,27,-11,26,-9,23,-7,20,-5,16,-4,12,-5,9,-6,6,-7,4,-9,2,-11,2,-13,2,-14,2,-15,0,-4,0,0,0,0,0,0,0,0,0,0,0,0,0,0,0,0,0,0,0,0,4,2,5,4,5,8,4,12,3,14,1,16,-1,17,-4,17,-6,16,-6,14,-6,11,-4,8,-1,5,3,3,9,2,14,3
2025-05-21 14:20:33.686000,26,5,27,3,28,1,28,0,27,0,26,-2,25,-5,24,-8,24,-11,24,-12,25,-13,26,-13,27,-11,26,-9,23,-7,20,-5,16,-4,12,-5,9,-6,6,-7,4,-9,2,-11,2,-13,2,-14,2,-15,0,-4,0,0,0,0,0,0,0,0,0,0,0,0,0,0,0,0,0,0,0,0,4,2,5,4,5,8,4,12,3,14,1,16,-1,17,-4,17,-6,16,-6,14,-6,11,-4,8,-1,5,3,3,9,2,14,3
2025-05-21 14:20:33.696000,26,5,27,3,28,1,28,0,27,0,26,-2,25,-5,24,-8,24,-11,24,-12,25,-13,26,-13,27,-11,26,-9,23,-7,20,-5,16,-4,12,-5,9,-6,6,-7,4,-9,2,-11,2,-13,2,-14,2,-15,0,-4,0,0,0,0,0,0,0,0,0,0,0,0,0,0,0,0,0,0,0,0,4,2,5,4,5,8,4,12,3,14,1,16,-1,17,-4,17,-6,16,-6,14,-6,11,-4,8,-1,5,3,3,9,2,14,3
2025-05-21 14:20:33.706000,-26,-11,-28,-9,-28,-7,-29,-6,-28,-5,-27,-3,-26,-1,-26,2,-26,5,-27,7,-28,8,-29,8,-29,6,-28,4,-25,2,-22,1,-17,1,-14,2,-10,3,-8,5,-6,8,-5,10,-5,11,-5,13,-5,13,-2,3,0,0,0,0,0,0,0,0,0,0,0,0,0,0,0,0,0,0,-2,-1,-5,-4,-5,-6,-4,-10,-3,-13,-1,-16,2,-17,4,-18,6,-17,8,-15,8,-13,7,-10,4,-8,1,-6,-4,-5,-9,-5,-15,-7
2025-05-21 14:20:33.716000,-20,23,-18,26,-17,27,-15,28,-14,27,-11,27,-8,27,-6,28,-3,29,-1,31,-1,32,-1,33,-2,32,-4,30,-5,27,-5,23,-4,19,-2,15,1,12,4,10,6,8,9,7,11,7,13,8,13,9,3,2,0,0,0,0,0,0,0,0,0,0,0,0,0,0,0,0,0,0,-1,0,-6,2,-9,1,-13,-1,-15,-3,-17,-6,-17,-10,-17,-12,-15,-14,-13,-15,-11,-14,-8,-12,-6,-9,-5,-4,-6,2,-8,7,-12,12
2025-05-21 14:20:33.726000,-10,-26,-13,-26,-14,-25,-15,-25,-16,-24,-17,-22,-18,-20,-19,-18,-21,-16,-23,-16,-25,-16,-25,-17,-24,-18,-22,-18,-19,-17,-15,-15,-13,-12,-11,-9,-10,-6,-10,-3,-11,0,-11,2,-12,4,-13,4,-14,4,-4,1,0,0,0,0,0,0,0,0,0,0,0,0,0,0,0,0,0,0,-1,-2,-1,-5,1,-7,4,-10,7,-11,10,-11,13,-10,15,-9,16,-7,16,-5,14,-3,12,-2,8,-2,4,-3,0,-6,-3,-10,-5,-15
2025-05-21 14:20:33.736000,-10,-26,-13,-26,-14,-25,-15,-25,-16,-24,-17,-22,-18,-20,-19,-18,-21,-16,-23,-16,-25,-16,-25,-17,-24,-18,-22,-18,-19,-17,-15,-15,-13,-12,-11,-9,-10,-6,-10,-3,-11,0,-11,2,-12,4,-13,4,-14,4,-4,1,0,0,0,0,0,0,0,0,0,0,0,0,0,0,0,0,0,0,-1,-2,-1,-5,1,-7,4,-10,7,-11,10,-11,13,-10,15,-9,16,-7,16,-5,14,-3,12,-2,8,-2,4,-3,0,-6,-3,-10,-5,-15
2025-05-21 14:20:33.746000,-10,-26,-13,-26,-14,-25,-15,-25,-16,-24,-17,-22,-18,-20,-19,-18,-21,-16,-23,-16,-25,-16,-25,-17,-24,-18,-22,-18,-19,-17,-15,-15,-13,-12,-11,-9,-10,-6,-10,-3,-11,0,-11,2,-12,4,-13,4,-14,4,-4,1,0,0,0,0,0,0,0,0,0,0,0,0,0,0,0,0,0,0,-1,-2,-1,-5,1,-7,4,-10,7,-11,10,-11,13,-10,15,-9,16,-7,16,-5,14,-3,12,-2,8,-2,4,-3,0,-6,-3,-10,-5,-15
2025-05-21 14:20:33.756000,-10,-26,-13,-26,-14,-25,-15,-25,-16,-24,-17,-22,-18,-20,-19,-18,-21,-16,-23,-16,-25,-16,-25,-17,-24,-18,-22,-18,-19,-17,-15,-15,-13,-12,-11,-9,-10,-6,-10,-3,-11,0,-11,2,-12,4,-13,4,-14,4,-4,1,0,0,0,0,0,0,0,0,0,0,0,0,0,0,0,0,0,0,-1,-2,-1,-5,1,-7,4,-10,7,-11,10,-11,13,-10,15,-9,16,-7,16,-5,14,-3,12,-2,8,-2,4,-3,0,-6,-3,-10,-5,-15
2025-05-21 14:20:33.766000,-17,20,-16,22,-15,24,-14,24,-13,24,-10,24,-8,24,-6,24,-3,25,-2,27,-1,28,-2,28,-3,28,-5,26,-6,24,-6,20,-4,16,-2,13,0,11,3,9,5,7,7,7,9,7,10,8,11,9,2,2,0,0,0,0,0,0,0,0,0,0,0,0,0,0,0,0,0,0,-1,0,-4,2,-7,2,-11,0,-13,-2,-15,-4,-16,-7,-16,-9,-15,-11,-13,-12,-10,-12,-8,-10,-6,-7,-5,-3,-5,2,-7,7,-10,11
2025-05-21 14:20:33.776000,-17,20,-16,22,-15,24,-14,24,-13,24,-10,24,-8,24,-6,24,-3,25,-2,27,-1,28,-2,28,-3,28,-5,26,-6,24,-6,20,-4,16,-2,13,0,11,3,9,5,7,7,7,9,7,10,8,11,9,2,2,0,0,0,0,0,0,0,0,0,0,0,0,0,0,0,0,0,0,-1,0,-4,2,-7,2,-11,0,-13,-2,-15,-4,-16,-7,-16,-9,-15,-11,-13,-12,-10,-12,-8,-10,-6,-7,-5,-3,-5,2,-7,7,-10,11
2025-05-21 14:20:33.806000,-17,20,-16,22,-15,24,-14,24,-13,24,-10,24,-8,24,-6,24,-3,25,-2,27,-1,28,-2,28,-3,28,-5,26,-6,24,-6,20,-4,16,-2,13,0,11,3,9,5,7,7,7,9,7,10,8,11,9,2,2,0,0,0,0,0,0,0,0,0,0,0,0,0,0,0,0,0,0,-1,0,-4,2,-7,2,-11,0,-13,-2,-15,-4,-16,-7,-16,-9,-15,-11,-13,-12,-10,-12,-8,-10,-6,-7,-5,-3,-5,2,-7,7,-10,11
2025-05-21 14:20:33.816000,-17,20,-16,22,-15,24,-14,24,-13,24,-10,24,-8,24,-6,24,-3,25,-2,27,-1,28,-2,28,-3,28,-5,26,-6,24,-6,20,-4,16,-2,13,0,11,3,9,5,7,7,7,9,7,10,8,11,9,2,2,0,0,0,0,0,0,0,0,0,0,0,0,0,0,0,0,0,0,-1,0,-4,2,-7,2,-11,0,-13,-2,-15,-4,-16,-7,-16,-9,-15,-11,-13,-12,-10,-12,-8,-10,-6,-7,-5,-3,-5,2,-7,7,-10,11
2025-05-21 14:20:33.826000,-17,20,-16,22,-15,24,-14,24,-13,24,-10,24,-8,24,-6,24,-3,25,-2,27,-1,28,-2,28,-3,28,-5,26,-6,24,-6,20,-4,16,-2,13,0,11,3,9,5,7,7,7,9,7,10,8,11,9,2,2,0,0,0,0,0,0,0,0,0,0,0,0,0,0,0,0,0,0,-1,0,-4,2,-7,2,-11,0,-13,-2,-15,-4,-16,-7,-16,-9,-15,-11,-13,-12,-10,-12,-8,-10,-6,-7,-5,-3,-5,2,-7,7,-10,11
2025-05-21 14:20:33.836000,-17,20,-16,22,-15,24,-14,24,-13,24,-10,24,-8,24,-6,24,-3,25,-2,27,-1,28,-2,28,-3,28,-5,26,-6,24,-6,20,-4,16,-2,13,0,11,3,9,5,7,7,7,9,7,10,8,11,9,2,2,0,0,0,0,0,0,0,0,0,0,0,0,0,0,0,0,0,0,-1,0,-4,2,-7,2,-11,0,-13,-2,-15,-4,-16,-7,-16,-9,-15,-11,-13,-12,-10,-12,-8,-10,-6,-7,-5,-3,-5,2,-7,7,-10,11
2025-05-21 14:20:33.846000,-17,20,-16,22,-15,24,-14,24,-13,24,-10,24,-8,24,-6,24,-3,25,-2,27,-1,28,-2,28,-3,28,-5,26,-6,24,-6,20,-4,16,-2,13,0,11,3,9,5,7,7,7,9,7,10,8,11,9,2,2,0,0,0,0,0,0,0,0,0,0,0,0,0,0,0,0,0,0,-1,0,-4,2,-7,2,-11,0,-13,-2,-15,-4,-16,-7,-16,-9,-15,-11,-13,-12,-10,-12,-8,-10,-6,-7,-5,-3,-5,2,-7,7,-10,11
2025-05-21 14:20:33.866000,-9,22,-7,23,-6,24,-5,24,-4,23,-2,23,0,22,2,22,4,22,6,23,6,24,6,24,5,24,4,23,3,21,2,18,1,15,2,11,3,9,5,6,7,4,9,3,10,3,11,3,12,3,3,1,0,0,0,0,0,0,0,0,0,0,0,0,0,0,0,0,0,0,-1,0,-3,3,-6,3,-9,2,-12,1,-14,-1,-15,-3,-15,-5,-15,-7,-13,-8,-11,-9,-9,-8,-6,-5,-5,-2,-4,3,-4,7,-6,12
2025-05-21 14:20:33.876000,-9,22,-7,23,-6,24,-5,24,-4,23,-2,23,0,22,2,22,4,22,6,23,6,24,6,24,5,24,4,23,3,21,2,18,1,15,2,11,3,9,5,6,7,4,9,3,10,3,11,3,12,3,3,1,0,0,0,0,0,0,0,0,0,0,0,0,0,0,0,0,0,0,-1,0,-3,3,-6,3,-9,2,-12,1,-14,-1,-15,-3,-15,-5,-15,-7,-13,-8,-11,-9,-9,-8,-6,-5,-5,-2,-4,3,-4,7,-6,12
2025-05-21 14:20:33.887000,-9,22,-7,23,-6,24,-5,24,-4,23,-2,23,0,22,2,22,4,22,6,23,6,24,6,24,5,24,4,23,3,21,2,18,1,15,2,11,3,9,5,6,7,4,9,3,10,3,11,3,12,3,3,1,0,0,0,0,0,0,0,0,0,0,0,0,0,0,0,0,0,0,-1,0,-3,3,-6,3,-9,2,-12,1,-14,-1,-15,-3,-15,-5,-15,-7,-13,-8,-11,-9,-9,-8,-6,-5,-5,-2,-4,3,-4,7,-6,12
2025-05-21 14:20:33.896000,-9,22,-7,23,-6,24,-5,24,-4,23,-2,23,0,22,2,22,4,22,6,23,6,24,6,24,5,24,4,23,3,21,2,18,1,15,2,11,3,9,5,6,7,4,9,3,10,3,11,3,12,3,3,1,0,0,0,0,0,0,0,0,0,0,0,0,0,0,0,0,0,0,-1,0,-3,3,-6,3,-9,2,-12,1,-14,-1,-15,-3,-15,-5,-15,-7,-13,-8,-11,-9,-9,-8,-6,-5,-5,-2,-4,3,-4,7,-6,12
2025-05-21 14:20:33.906000,-9,22,-7,23,-6,24,-5,24,-4,23,-2,23,0,22,2,22,4,22,6,23,6,24,6,24,5,24,4,23,3,21,2,18,1,15,2,11,3,9,5,6,7,4,9,3,10,3,11,3,12,3,3,1,0,0,0,0,0,0,0,0,0,0,0,0,0,0,0,0,0,0,-1,0,-3,3,-6,3,-9,2,-12,1,-14,-1,-15,-3,-15,-5,-15,-7,-13,-8,-11,-9,-9,-8,-6,-5,-5,-2,-4,3,-4,7,-6,12
2025-05-21 14:20:33.916000,-9,22,-7,23,-6,24,-5,24,-4,23,-2,23,0,22,2,22,4,22,6,23,6,24,6,24,5,24,4,23,3,21,2,18,1,15,2,11,3,9,5,6,7,4,9,3,10,3,11,3,12,3,3,1,0,0,0,0,0,0,0,0,0,0,0,0,0,0,0,0,0,0,-1,0,-3,3,-6,3,-9,2,-12,1,-14,-1,-15,-3,-15,-5,-15,-7,-13,-8,-11,-9,-9,-8,-6,-5,-5,-2,-4,3,-4,7,-6,12
2025-05-21 14:20:33.926000,-9,22,-7,23,-6,24,-5,24,-4,23,-2,23,0,22,2,22,4,22,6,23,6,24,6,24,5,24,4,23,3,21,2,18,1,15,2,11,3,9,5,6,7,4,9,3,10,3,11,3,12,3,3,1,0,0,0,0,0,0,0,0,0,0,0,0,0,0,0,0,0,0,-1,0,-3,3,-6,3,-9,2,-12,1,-14,-1,-15,-3,-15,-5,-15,-7,-13,-8,-11,-9,-9,-8,-6,-5,-5,-2,-4,3,-4,7,-6,12
2025-05-21 14:20:33.936000,17,21,20,20,21,18,22,18,22,17,22,14,22,12,23,9,24,7,26,6,27,5,28,6,27,7,25,8,22,9,19,8,15,6,12,4,10,1,9,-2,8,-5,9,-7,9,-9,10,-10,11,-10,2,-3,0,0,0,0,0,0,0,0,0,0,0,0,0,0,0,0,0,0,0,0,2,4,0,7,-2,10,-5,12,-7,13,-10,13,-13,12,-14,11,-15,9,-14,6,-11,4,-8,3,-4,3,1,5,5,8,9,12
2025-05-21 14:20:33.946000,17,21,20,20,21,18,22,18,22,17,22,14,22,12,23,9,24,7,26,6,27,5,28,6,27,7,25,8,22,9,19,8,15,6,12,4,10,1,9,-2,8,-5,9,-7,9,-9,10,-10,11,-10,2,-3,0,0,0,0,0,0,0,0,0,0,0,0,0,0,0,0,0,0,0,0,2,4,0,7,-2,10,-5,12,-7,13,-10,13,-13,12,-14,11,-15,9,-14,6,-11,4,-8,3,-4,3,1,5,5,8,9,12
2025-05-21 14:20:33.956000,17,21,20,20,21,18,22,18,22,17,22,14,22,12,23,9,24,7,26,6,27,5,28,6,27,7,25,8,22,9,19,8,15,6,12,4,10,1,9,-2,8,-5,9,-7,9,-9,10,-10,11,-10,2,-3,0,0,0,0,0,0,0,0,0,0,0,0,0,0,0,0,0,0,0,0,2,4,0,7,-2,10,-5,12,-7,13,-10,13,-13,12,-14,11,-15,9,-14,6,-11,4,-8,3,-4,3,1,5,5,8,9,12
2025-05-21 14:20:33.966000,17,21,20,20,21,18,22,18,22,17,22,14,22,12,23,9,24,7,26,6,27,5,28,6,27,7,25,8,22,9,19,8,15,6,12,4,10,1,9,-2,8,-5,9,-7,9,-9,10,-10,11,-10,2,-3,0,0,0,0,0,0,0,0,0,0,0,0,0,0,0,0,0,0,0,0,2,4,0,7,-2,10,-5,12,-7,13,-10,13,-13,12,-14,11,-15,9,-14,6,-11,4,-8,3,-4,3,1,5,5,8,9,12
2025-05-21 14:20:33.986000,0,27,2,28,4,28,5,27,6,26,8,25,10,23,12,22,14,21,16,21,17,22,17,23,16,23,14,23,12,21,9,18,8,15,7,11,7,8,8,4,9,2,10,0,12,-1,13,-1,14,-1,3,-1,0,0,0,0,0,0,0,0,0,0,0,0,0,0,0,0,0,0,-1,1,-2,4,-4,6,-8,7,-11,7,-14,6,-17,4,-18,2,-18,-1,-18,-3,-16,-4,-12,-4,-9,-2,-5,1,-3,5,-1,10,-1,15
2025-05-21 14:20:33.996000,0,27,2,28,4,28,5,27,6,26,8,25,10,23,12,22,14,21,16,21,17,22,17,23,16,23,14,23,12,21,9,18,8,15,7,11,7,8,8,4,9,2,10,0,12,-1,13,-1,14,-1,3,-1,0,0,0,0,0,0,0,0,0,0,0,0,0,0,0,0,0,0,-1,1,-2,4,-4,6,-8,7,-11,7,-14,6,-17,4,-18,2,-18,-1,-18,-3,-16,-4,-12,-4,-9,-2,-5,1,-3,5,-1,10,-1,15
2025-05-21 14:20:34.006000,0,27,2,28,4,28,5,27,6,26,8,25,10,23,12,22,14,21,16,21,17,22,17,23,16,23,14,23,12,21,9,18,8,15,7,11,7,8,8,4,9,2,10,0,12,-1,13,-1,14,-1,3,-1,0,0,0,0,0,0,0,0,0,0,0,0,0,0,0,0,0,0,-1,1,-2,4,-4,6,-8,7,-11,7,-14,6,-17,4,-18,2,-18,-1,-18,-3,-16,-4,-12,-4,-9,-2,-5,1,-3,5,-1,10,-1,15
2025-05-21 14:20:34.016000,0,27,2,28,4,28,5,27,6,26,8,25,10,23,12,22,14,21,16,21,17,22,17,23,16,23,14,23,12,21,9,18,8,15,7,11,7,8,8,4,9,2,10,0,12,-1,13,-1,14,-1,3,-1,0,0,0,0,0,0,0,0,0,0,0,0,0,0,0,0,0,0,-1,1,-2,4,-4,6,-8,7,-11,7,-14,6,-17,4,-18,2,-18,-1,-18,-3,-16,-4,-12,-4,-9,-2,-5,1,-3,5,-1,10,-1,15
2025-05-21 14:20:34.026000,0,27,2,28,4,28,5,27,6,26,8,25,10,23,12,22,14,21,16,21,17,22,17,23,16,23,14,23,12,21,9,18,8,15,7,11,7,8,8,4,9,2,10,0,12,-1,13,-1,14,-1,3,-1,0,0,0,0,0,0,0,0,0,0,0,0,0,0,0,0,0,0,-1,1,-2,4,-4,6,-8,7,-11,7,-14,6,-17,4,-18,2,-18,-1,-18,-3,-16,-4,-12,-4,-9,-2,-5,1,-3,5,-1,10,-1,15
2025-05-21 14:20:34.036000,-27,5,-28,7,-28,9,-27,10,-26,11,-24,12,-22,13,-20,16,-19,18,-19,20,-19,21,-20,21,-21,20,-21,18,-20,15,-17,12,-14,10,-10,9,-7,8,-3,9,-1,9,1,10,2,12,3,13,3,14,0,3,0,0,0,0,0,0,0,0,0,0,0,0,0,0,0,0,0,0,-2,-1,-6,-1,-7,-4,-9,-7,-9,-10,-9,-13,-7,-16,-6,-18,-3,-18,-1,-17,0,-16,1,-13,0,-9,-2,-5,-5,-2,-10,0,-16,2
2025-05-21 14:20:34.046000,-10,-26,-13,-26,-14,-26,-15,-25,-16,-24,-16,-22,-18,-20,-19,-18,-21,-16,-23,-16,-25,-16,-25,-17,-24,-17,-22,-18,-19,-17,-16,-15,-13,-13,-11,-9,-10,-6,-10,-3,-10,0,-11,3,-12,4,-13,4,-14,4,-4,1,0,0,0,0,0,0,0,0,0,0,0,0,0,0,0,0,0,0,-1,-2,-1,-6,1,-8,4,-10,7,-11,11,-11,13,-10,15,-8,16,-6,16,-4,14,-2,11,-1,8,-1,4,-3,0,-6,-3,-10,-6,-15
2025-05-21 14:20:34.056000,-19,19,-18,21,-17,23,-16,23,-14,23,-12,23,-9,23,-7,24,-5,25,-4,27,-4,28,-4,28,-5,28,-6,26,-7,23,-7,20,-5,16,-3,13,0,10,2,9,5,8,7,7,9,8,10,9,10,9,2,2,0,0,0,0,0,0,0,0,0,0,0,0,0,0,0,0,0,0,-1,0,-5,2,-8,1,-11,-1,-13,-3,-15,-6,-15,-9,-15,-11,-13,-13,-12,-13,-9,-13,-7,-11,-5,-8,-5,-3,-5,1,-8,6,-11,10
2025-05-21 14:20:34.066000,-19,19,-18,21,-17,23,-16,23,-14,23,-12,23,-9,23,-7,24,-5,25,-4,27,-4,28,-4,28,-5,28,-6,26,-7,23,-7,20,-5,16,-3,13,0,10,2,9,5,8,7,7,9,8,10,9,10,9,2,2,0,0,0,0,0,0,0,0,0,0,0,0,0,0,0,0,0,0,-1,0,-5,2,-8,1,-11,-1,-13,-3,-15,-6,-15,-9,-15,-11,-13,-13,-12,-13,-9,-13,-7,-11,-5,-8,-5,-3,-5,1,-8,6,-11,10
2025-05-21 14:20:34.076000,-27,7,-27,9,-26,11,-26,12,-24,13,-22,14,-20,16,-18,18,-17,20,-17,21,-17,22,-18,23,-18,22,-18,20,-18,17,-15,14,-12,12,-9,10,-5,9,-2,9,0,9,2,10,4,11,5,12,5,13,1,3,0,0,0,0,0,0,0,0,0,0,0,0,0,0,0,0,0,0,-2,0,-5,-1,-7,-3,-9,-6,-10,-10,-9,-13,-8,-15,-6,-17,-4,-18,-2,-17,-1,-15,0,-12,0,-9,-2,-5,-5,-2,-10,1,-16,3
2025-05-21 14:20:34.086000,-4,-28,-7,-28,-8,-29,-10,-28,-11,-27,-12,-25,-14,-23,-15,-22,-18,-21,-20,-20,-21,-21,-21,-21,-20,-22,-18,-22,-15,-21,-12,-18,-10,-15,-9,-11,-9,-8,-9,-4,-11,-2,-12,1,-13,2,-14,2,-15,2,-4,0,0,0,0,0,0,0,0,0,0,0,0,0,0,0,0,0,0,0,0,-2,0,-5,3,-7,6,-9,10,-9,13,-8,15,-7,17,-5,17,-3,17,-1,15,1,12,1,8,0,5,-2,1,-6,-1,-11,-2,-16
2025-05-21 14:20:34.096000,-26,-11,-28,-9,-29,-7,-29,-6,-28,-5,-27,-3,-27,-1,-26,2,-26,4,-27,6,-28,7,-29,7,-29,6,-28,4,-25,2,-22,1,-18,1,-14,2,-11,3,-8,5,-6,8,-5,9,-5,11,-5,12,-6,13,-2,3,0,0,0,0,0,0,0,0,0,0,0,0,0,0,0,0,0,0,-1,-1,-4,-4,-4,-7,-4,-10,-3,-14,-1,-16,2,-17,4,-18,7,-17,8,-15,8,-13,7,-10,4,-7,1,-5,-4,-5,-10,-5,-15,-7
2025-05-21 14:20:34.106000,-26,-11,-28,-9,-29,-7,-29,-6,-28,-5,-27,-3,-27,-1,-26,2,-26,4,-27,6,-28,7,-29,7,-29,6,-28,4,-25,2,-22,1,-18,1,-14,2,-11,3,-8,5,-6,8,-5,9,-5,11,-5,12,-6,13,-2,3,0,0,0,0,0,0,0,0,0,0,0,0,0,0,0,0,0,0,-1,-1,-4,-4,-4,-7,-4,-10,-3,-14,-1,-16,2,-17,4,-18,7,-17,8,-15,8,-13,7,-10,4,-7,1,-5,-4,-5,-10,-5,-15,-7
2025-05-21 14:20:34.116000,-28,-2,-29,1,-29,2,-29,4,-28,5,-26,7,-25,9,-24,11,-23,13,-23,15,-24,16,-25,16,-25,15,-25,13,-23,10,-20,8,-16,7,-12,6,-9,7,-6,8,-3,9,-2,11,-1,12,0,13,-1,14,-1,3,0,0,0,0,0,0,0,0,0,0,0,0,0,0,0,0,0,0,-2,-1,-5,-2,-6,-5,-7,-9,-7,-12,-6,-15,-4,-17,-2,-19,0,-19,2,-18,3,-15,4,-12,2,-9,-1,-6,-5,-3,-10,-2,-16,-2
2025-05-21 14:20:34.126000,-28,-2,-29,1,-29,2,-29,4,-28,5,-26,7,-25,9,-24,11,-23,13,-23,15,-24,16,-25,16,-25,15,-25,13,-23,10,-20,8,-16,7,-12,6,-9,7,-6,8,-3,9,-2,11,-1,12,0,13,-1,14,-1,3,0,0,0,0,0,0,0,0,0,0,0,0,0,0,0,0,0,0,-2,-1,-5,-2,-6,-5,-7,-9,-7,-12,-6,-15,-4,-17,-2,-19,0,-19,2,-18,3,-15,4,-12,2,-9,-1,-6,-5,-3,-10,-2,-16,-2
2025-05-21 14:20:34.136000,-28,-2,-29,1,-29,2,-29,4,-28,5,-26,7,-25,9,-24,11,-23,13,-23,15,-24,16,-25,16,-25,15,-25,13,-23,10,-20,8,-16,7,-12,6,-9,7,-6,8,-3,9,-2,11,-1,12,0,13,-1,14,-1,3,0,0,0,0,0,0,0,0,0,0,0,0,0,0,0,0,0,0,-2,-1,-5,-2,-6,-5,-7,-9,-7,-12,-6,-15,-4,-17,-2,-19,0,-19,2,-18,3,-15,4,-12,2,-9,-1,-6,-5,-3,-10,-2,-16,-2
2025-05-21 14:20:34.146000,-28,-2,-29,1,-29,2,-29,4,-28,5,-26,7,-25,9,-24,11,-23,13,-23,15,-24,16,-25,16,-25,15,-25,13,-23,10,-20,8,-16,7,-12,6,-9,7,-6,8,-3,9,-2,11,-1,12,0,13,-1,14,-1,3,0,0,0,0,0,0,0,0,0,0,0,0,0,0,0,0,0,0,-2,-1,-5,-2,-6,-5,-7,-9,-7,-12,-6,-15,-4,-17,-2,-19,0,-19,2,-18,3,-15,4,-12,2,-9,-1,-6,-5,-3,-10,-2,-16,-2
2025-05-21 14:20:34.156000,13,-23,11,-25,10,-27,9,-27,7,-26,5,-26,3,-25,1,-26,-2,-27,-3,-28,-4,-29,-3,-29,-2,-29,-1,-28,1,-25,1,-21,1,-17,-1,-14,-3,-11,-5,-9,-7,-7,-9,-7,-11,-7,-12,-7,-13,-8,-4,-2,0,0,0,0,0,0,0,0,0,0,0,0,0,0,0,0,0,0,0,-1,3,-4,6,-4,9,-3,12,-1,14,2,15,4,15,6,15,9,13,10,10,10,8,8,5,6,4,1,4,-3,5,-8,8,-13
2025-05-21 14:20:34.166000,13,-23,11,-25,10,-27,9,-27,7,-26,5,-26,3,-25,1,-26,-2,-27,-3,-28,-4,-29,-3,-29,-2,-29,-1,-28,1,-25,1,-21,1,-17,-1,-14,-3,-11,-5,-9,-7,-7,-9,-7,-11,-7,-12,-7,-13,-8,-4,-2,0,0,0,0,0,0,0,0,0,0,0,0,0,0,0,0,0,0,0,-1,3,-4,6,-4,9,-3,12,-1,14,2,15,4,15,6,15,9,13,10,10,10,8,8,5,6,4,1,4,-3,5,-8,8,-13
2025-05-21 14:20:34.176000,13,-23,11,-25,10,-27,9,-27,7,-26,5,-26,3,-25,1,-26,-2,-27,-3,-28,-4,-29,-3,-29,-2,-29,-1,-28,1,-25,1,-21,1,-17,-1,-14,-3,-11,-5,-9,-7,-7,-9,-7,-11,-7,-12,-7,-13,-8,-4,-2,0,0,0,0,0,0,0,0,0,0,0,0,0,0,0,0,0,0,0,-1,3,-4,6,-4,9,-3,12,-1,14,2,15,4,15,6,15,9,13,10,10,10,8,8,5,6,4,1,4,-3,5,-8,8,-13
2025-05-21 14:20:34.186000,21,16,24,14,25,13,25,12,25,11,25,9,25,6,25,3,26,1,27,0,28,-1,28,0,28,1,27,2,24,3,21,3,17,2,13,1,10,-2,8,-4,7,-7,7,-9,7,-11,7,-12,8,-13,2,-4,0,0,0,0,0,0,0,0,0,0,0,0,0,0,0,0,0,0,0,0,2,4,2,7,0,10,-2,12,-5,14,-7,15,-10,14,-12,13,-13,11,-12,9,-10,6,-7,5,-3,4,2,4,7,6,12,9
2025-05-21 14:20:34.196000,21,16,24,14,25,13,25,12,25,11,25,9,25,6,25,3,26,1,27,0,28,-1,28,0,28,1,27,2,24,3,21,3,17,2,13,1,10,-2,8,-4,7,-7,7,-9,7,-11,7,-12,8,-13,2,-4,0,0,0,0,0,0,0,0,0,0,0,0,0,0,0,0,0,0,0,0,2,4,2,7,0,10,-2,12,-5,14,-7,15,-10,14,-12,13,-13,11,-12,9,-10,6,-7,5,-3,4,2,4,7,6,12,9
2025-05-21 14:20:34.206000,27,0,28,-2,28,-4,28,-5,27,-6,25,-7,24,-10,22,-12,22,-15,22,-17,22,-18,23,-18,24,-17,23,-14,21,-12,19,-10,15,-8,11,-8,7,-8,4,-9,2,-10,0,-11,-1,-13,-1,-14,-1,-15,-1,-4,0,0,0,0,0,0,0,0,0,0,0,0,0,0,0,0,0,0,0,0,4,1,5,4,6,7,6,11,4,14,3,16,1,18,-1,17,-3,16,-4,14,-4,11,-3,8,0,5,4,2,9,1,15,0
2025-05-21 14:20:34.216000,-11,25,-9,27,-7,28,-6,28,-4,27,-2,26,0,25,2,25,4,25,6,26,7,27,7,28,6,28,4,27,2,24,1,21,1,17,2,13,3,10,5,8,7,5,9,4,11,4,12,4,13,5,3,1,0,0,0,0,0,0,0,0,0,0,0,0,0,0,0,0,0,0,-1,0,-4,3,-6,4,-10,3,-13,2,-16,0,-17,-3,-18,-5,-17,-7,-16,-9,-13,-9,-10,-8,-8,-5,-6,-1,-5,3,-5,9,-7,14
2025-05-21 14:20:34.226000,-11,25,-9,27,-7,28,-6,28,-4,27,-2,26,0,25,2,25,4,25,6,26,7,27,7,28,6,28,4,27,2,24,1,21,1,17,2,13,3,10,5,8,7,5,9,4,11,4,12,4,13,5,3,1,0,0,0,0,0,0,0,0,0,0,0,0,0,0,0,0,0,0,-1,0,-4,3,-6,4,-10,3,-13,2,-16,0,-17,-3,-18,-5,-17,-7,-16,-9,-13,-9,-10,-8,-8,-5,-6,-1,-5,3,-5,9,-7,14
2025-05-21 14:20:34.236000,-11,25,-9,27,-7,28,-6,28,-4,27,-2,26,0,25,2,25,4,25,6,26,7,27,7,28,6,28,4,27,2,24,1,21,1,17,2,13,3,10,5,8,7,5,9,4,11,4,12,4,13,5,3,1,0,0,0,0,0,0,0,0,0,0,0,0,0,0,0,0,0,0,-1,0,-4,3,-6,4,-10,3,-13,2,-16,0,-17,-3,-18,-5,-17,-7,-16,-9,-13,-9,-10,-8,-8,-5,-6,-1,-5,3,-5,9,-7,14
2025-05-21 14:20:34.246000,-6,26,-4,27,-3,28,-1,28,0,27,2,26,4,25,6,24,8,24,10,25,11,25,11,26,10,26,8,25,6,23,4,20,4,16,4,12,5,9,7,6,8,4,10,2,12,2,13,2,14,2,3,0,0,0,0,0,0,0,0,0,0,0,0,0,0,0,0,0,0,0,-1,0,-3,4,-6,4,-9,4,-13,4,-15,2,-17,0,-18,-3,-16,-8,-16,-11,-13,-11,-10,-9,-7,-6,-5,-2,-5,4,-7,8,-9,12
2025-05-21 14:20:34.256000,-16,22,-15,24,-13,26,-13,26,-11,26,-9,25,-7,25,-5,25,-3,26,-2,27,-1,28,-1,29,-3,28,-5,27,-7,24,-6,20,-4,16,-3,12,-1,10,1,8,4,7,7,7,8,7,10,8,10,9,2,2,0,0,0,0,0,0,0,0,0,0,0,0,0,0,0,0,0,0,-1,0,-5,3,-9,2,-13,0,-15,-1,-15,0,-16,-2,-17,-5,-16,-8,-16,-11,-13,-11,-10,-9,-7,-6,-5,-2,-5,4,-7,8,-9,12
2025-05-21 14:20:34.266000,-16,22,-15,24,-13,26,-13,26,-11,26,-9,25,-7,25,-5,25,-3,26,-2,27,-1,28,-1,29,-3,28,-5,27,-7,24,-6,20,-4,16,-3,12,-1,10,1,8,4,7,7,7,8,7,10,8,10,9,2,2,0,0,0,0,0,0,0,0,0,0,0,0,0,0,0,0,0,0,-1,0,-5,3,-9,2,-13,0,-15,-1,-15,0,-16,-2,-17,-5,-16,-8,-16,-11,-13,-11,-10,-9,-7,-6,-5,-2,-5,4,-7,8,-9,12
2025-05-21 14:20:34.276000,-24,13,-23,15,-23,17,-22,17,-21,17,-19,18,-17,19,-15,21,-13,23,-12,24,-12,25,-13,25,-14,25,-14,23,-14,20,-13,17,-10,14,-7,11,-4,10,-1,9,2,9,4,9,5,10,6,11,7,12,1,3,0,0,0,0,0,0,0,0,0,0,0,0,0,0,0,0,0,0,-1,0,-5,1,-8,-1,-10,-3,-12,-6,-13,-9,-12,-12,-11,-14,-9,-16,-7,-16,-5,-15,-4,-12,-3,-9,-4,-4,-6,0,-9,4,-14,7
2025-05-21 14:20:34.286000,-24,13,-23,15,-23,17,-22,17,-21,17,-19,18,-17,19,-15,21,-13,23,-12,24,-12,25,-13,25,-14,25,-14,23,-14,20,-13,17,-10,14,-7,11,-4,10,-1,9,2,9,4,9,5,10,6,11,7,12,1,3,0,0,0,0,0,0,0,0,0,0,0,0,0,0,0,0,0,0,-1,0,-5,1,-8,-1,-10,-3,-12,-6,-13,-9,-12,-12,-11,-14,-9,-16,-7,-16,-5,-15,-4,-12,-3,-9,-4,-4,-6,0,-9,4,-14,7
2025-05-21 14:20:34.296000,-24,13,-23,15,-23,17,-22,17,-21,17,-19,18,-17,19,-15,21,-13,23,-12,24,-12,25,-13,25,-14,25,-14,23,-14,20,-13,17,-10,14,-7,11,-4,10,-1,9,2,9,4,9,5,10,6,11,7,12,1,3,0,0,0,0,0,0,0,0,0,0,0,0,0,0,0,0,0,0,-1,0,-5,1,-8,-1,-10,-3,-12,-6,-13,-9,-12,-12,-11,-14,-9,-16,-7,-16,-5,-15,-4,-12,-3,-9,-4,-4,-6,0,-9,4,-14,7
2025-05-21 14:20:34.316000,-24,13,-23,15,-23,17,-22,17,-21,17,-19,18,-17,19,-15,21,-13,23,-12,24,-12,25,-13,25,-14,25,-14,23,-14,20,-13,17,-10,14,-7,11,-4,10,-1,9,2,9,4,9,5,10,6,11,7,12,1,3,0,0,0,0,0,0,0,0,0,0,0,0,0,0,0,0,0,0,-1,0,-5,1,-8,-1,-10,-3,-12,-6,-13,-9,-12,-12,-11,-14,-9,-16,-7,-16,-5,-15,-4,-12,-3,-9,-4,-4,-6,0,-9,4,-14,7
2025-05-21 14:20:34.326000,-24,13,-23,15,-23,17,-22,17,-21,17,-19,18,-17,19,-15,21,-13,23,-12,24,-12,25,-13,25,-14,25,-14,23,-14,20,-13,17,-10,14,-7,11,-4,10,-1,9,2,9,4,9,5,10,6,11,7,12,1,3,0,0,0,0,0,0,0,0,0,0,0,0,0,0,0,0,0,0,-1,0,-5,1,-8,-1,-10,-3,-12,-6,-13,-9,-12,-12,-11,-14,-9,-16,-7,-16,-5,-15,-4,-12,-3,-9,-4,-4,-6,0,-9,4,-14,7
2025-05-21 14:20:34.336000,-24,13,-23,15,-23,17,-22,17,-21,17,-19,18,-17,19,-15,21,-13,23,-12,24,-12,25,-13,25,-14,25,-14,23,-14,20,-13,17,-10,14,-7,11,-4,10,-1,9,2,9,4,9,5,10,6,11,7,12,1,3,0,0,0,0,0,0,0,0,0,0,0,0,0,0,0,0,0,0,-1,0,-5,1,-8,-1,-10,-3,-12,-6,-13,-9,-12,-12,-11,-14,-9,-16,-7,-16,-5,-15,-4,-12,-3,-9,-4,-4,-6,0,-9,4,-14,7
2025-05-21 14:20:34.346000,-24,13,-23,15,-23,17,-22,17,-21,17,-19,18,-17,19,-15,21,-13,23,-12,24,-12,25,-13,25,-14,25,-14,23,-14,20,-13,17,-10,14,-7,11,-4,10,-1,9,2,9,4,9,5,10,6,11,7,12,1,3,0,0,0,0,0,0,0,0,0,0,0,0,0,0,0,0,0,0,-1,0,-5,1,-8,-1,-10,-3,-12,-6,-13,-9,-12,-12,-11,-14,-9,-16,-7,-16,-5,-15,-4,-12,-3,-9,-4,-4,-6,0,-9,4,-14,7
2025-05-21 14:20:34.356000,-24,13,-23,15,-23,17,-22,17,-21,17,-19,18,-17,19,-15,21,-13,23,-12,24,-12,25,-13,25,-14,25,-14,23,-14,20,-13,17,-10,14,-7,11,-4,10,-1,9,2,9,4,9,5,10,6,11,7,12,1,3,0,0,0,0,0,0,0,0,0,0,0,0,0,0,0,0,0,0,-1,0,-5,1,-8,-1,-10,-3,-12,-6,-13,-9,-12,-12,-11,-14,-9,-16,-7,-16,-5,-15,-4,-12,-3,-9,-4,-4,-6,0,-9,4,-14,7
2025-05-21 14:20:34.416000,2,-28,-1,-29,-2,-30,-4,-29,-5,-28,-6,-27,-8,-25,-10,-24,-13,-24,-15,-24,-17,-25,-17,-25,-15,-26,-13,-26,-10,-24,-8,-21,-7,-17,-7,-13,-7,-10,-8,-7,-10,-4,-12,-2,-13,-1,-14,-1,-15,-2,-4,-1,0,0,0,0,0,0,0,0,0,0,0,0,0,0,0,0,0,0,0,-2,1,-5,4,-6,8,-7,11,-7,14,-6,16,-4,17,-1,17,1,16,3,14,4,11,4,8,2,5,-1,2,-6,1,-11,1,-16
2025-05-21 14:20:34.426000,2,-28,-1,-29,-2,-30,-4,-29,-5,-28,-6,-27,-8,-25,-10,-24,-13,-24,-15,-24,-17,-25,-17,-25,-15,-26,-13,-26,-10,-24,-8,-21,-7,-17,-7,-13,-7,-10,-8,-7,-10,-4,-12,-2,-13,-1,-14,-1,-15,-2,-4,-1,0,0,0,0,0,0,0,0,0,0,0,0,0,0,0,0,0,0,0,-2,1,-5,4,-6,8,-7,11,-7,14,-6,16,-4,17,-1,17,1,16,3,14,4,11,4,8,2,5,-1,2,-6,1,-11,1,-16
2025-05-21 14:20:34.436000,-6,27,-4,28,-2,28,-1,28,1,28,2,26,4,25,6,24,8,24,10,24,12,25,11,26,10,26,8,25,5,23,4,20,3,16,4,13,5,9,6,6,8,4,10,3,11,2,13,3,13,3,3,0,0,0,0,0,0,0,0,0,0,0,0,0,0,0,0,0,0,0,-1,0,-3,4,-5,5,-9,5,-12,5,-15,4,-17,2,-18,-1,-18,-3,-17,-5,-14,-5,-12,-5,-9,-3,-6,0,-4,5,-3,10,-4,15
2025-05-21 14:20:34.446000,-6,27,-4,28,-2,28,-1,28,1,28,2,26,4,25,6,24,8,24,10,24,12,25,11,26,10,26,8,25,5,23,4,20,3,16,4,13,5,9,6,6,8,4,10,3,11,2,13,3,13,3,3,0,0,0,0,0,0,0,0,0,0,0,0,0,0,0,0,0,0,0,-1,0,-3,4,-5,5,-9,5,-12,5,-15,4,-17,2,-18,-1,-18,-3,-17,-5,-14,-5,-12,-5,-9,-3,-6,0,-4,5,-3,10,-4,15
2025-05-21 14:20:34.456000,-6,27,-4,28,-2,28,-1,28,1,28,2,26,4,25,6,24,8,24,10,24,12,25,11,26,10,26,8,25,5,23,4,20,3,16,4,13,5,9,6,6,8,4,10,3,11,2,13,3,13,3,3,0,0,0,0,0,0,0,0,0,0,0,0,0,0,0,0,0,0,0,-1,0,-3,4,-5,5,-9,5,-12,5,-15,4,-17,2,-18,-1,-18,-3,-17,-5,-14,-5,-12,-5,-9,-3,-6,0,-4,5,-3,10,-4,15
2025-05-21 14:20:34.466000,-6,27,-4,28,-2,28,-1,28,1,28,2,26,4,25,6,24,8,24,10,24,12,25,11,26,10,26,8,25,5,23,4,20,3,16,4,13,5,9,6,6,8,4,10,3,11,2,13,3,13,3,3,0,0,0,0,0,0,0,0,0,0,0,0,0,0,0,0,0,0,0,-1,0,-3,4,-5,5,-9,5,-12,5,-15,4,-17,2,-18,-1,-18,-3,-17,-5,-14,-5,-12,-5,-9,-3,-6,0,-4,5,-3,10,-4,15
2025-05-21 14:20:34.476000,26,-3,27,-6,27,-8,27,-8,26,-9,24,-10,22,-12,20,-15,20,-17,20,-19,20,-20,21,-20,22,-19,21,-17,20,-14,17,-11,14,-9,10,-9,6,-9,3,-9,1,-10,-1,-12,-2,-13,-2,-14,-2,-15,-1,-4,0,0,0,0,0,0,0,0,0,0,0,0,0,0,0,0,0,0,1,0,4,1,6,3,7,6,7,10,7,13,5,15,3,17,1,17,-1,16,-2,14,-3,11,-2,8,1,5,4,2,9,-1,15,-2
2025-05-21 14:20:34.506000,24,-19,23,-22,23,-23,23,-23,21,-23,19,-24,16,-25,13,-27,10,-30,8,-31,8,-32,9,-33,11,-31,12,-28,12,-25,11,-21,8,-18,5,-15,2,-13,-1,-12,-4,-11,-7,-11,-9,-12,-11,-13,-11,-14,-3,-4,0,0,0,0,0,0,0,0,0,0,0,0,0,0,0,0,0,0,1,-1,5,-2,8,-1,11,2,13,5,14,9,14,12,13,14,11,16,9,17,6,15,4,12,3,8,3,4,5,-1,9,-6,14,-10
2025-05-21 14:20:34.516000,-15,-24,-18,-23,-19,-23,-20,-22,-21,-21,-21,-18,-22,-16,-23,-14,-24,-12,-26,-11,-28,-11,-28,-11,-27,-12,-25,-13,-22,-13,-19,-12,-15,-10,-13,-7,-11,-4,-10,0,-10,3,-10,5,-11,7,-12,7,-13,8,-4,2,0,0,0,0,0,0,0,0,0,0,0,0,0,0,0,0,0,0,-1,-2,-2,-6,0,-8,3,-11,6,-12,9,-13,12,-12,14,-11,15,-9,15,-7,14,-5,11,-3,8,-3,4,-4,-1,-6,-5,-10,-8,-14
2025-05-21 14:20:34.526000,-15,-24,-18,-23,-19,-23,-20,-22,-21,-21,-21,-18,-22,-16,-23,-14,-24,-12,-26,-11,-28,-11,-28,-11,-27,-12,-25,-13,-22,-13,-19,-12,-15,-10,-13,-7,-11,-4,-10,0,-10,3,-10,5,-11,7,-12,7,-13,8,-4,2,0,0,0,0,0,0,0,0,0,0,0,0,0,0,0,0,0,0,-1,-2,-2,-6,0,-8,3,-11,6,-12,9,-13,12,-12,14,-11,15,-9,15,-7,14,-5,11,-3,8,-3,4,-4,-1,-6,-5,-10,-8,-14
2025-05-21 14:20:34.536000,-15,-24,-18,-23,-19,-23,-20,-22,-21,-21,-21,-18,-22,-16,-23,-14,-24,-12,-26,-11,-28,-11,-28,-11,-27,-12,-25,-13,-22,-13,-19,-12,-15,-10,-13,-7,-11,-4,-10,0,-10,3,-10,5,-11,7,-12,7,-13,8,-4,2,0,0,0,0,0,0,0,0,0,0,0,0,0,0,0,0,0,0,-1,-2,-2,-6,0,-8,3,-11,6,-12,9,-13,12,-12,14,-11,15,-9,15,-7,14,-5,11,-3,8,-3,4,-4,-1,-6,-5,-10,-8,-14
2025-05-21 14:20:34.546000,-15,-24,-18,-23,-19,-23,-20,-22,-21,-21,-21,-18,-22,-16,-23,-14,-24,-12,-26,-11,-28,-11,-28,-11,-27,-12,-25,-13,-22,-13,-19,-12,-15,-10,-13,-7,-11,-4,-10,0,-10,3,-10,5,-11,7,-12,7,-13,8,-4,2,0,0,0,0,0,0,0,0,0,0,0,0,0,0,0,0,0,0,-1,-2,-2,-6,0,-8,3,-11,6,-12,9,-13,12,-12,14,-11,15,-9,15,-7,14,-5,11,-3,8,-3,4,-4,-1,-6,-5,-10,-8,-14
2025-05-21 14:20:34.556000,2,23,5,24,6,24,7,24,8,23,9,21,11,19,12,18,14,17,16,17,17,18,17,19,16,19,14,19,12,18,9,15,8,13,7,9,7,6,7,3,8,1,9,-1,10,-2,11,-2,12,-2,3,-1,0,0,0,0,0,0,0,0,0,0,0,0,0,0,0,0,0,0,0,0,-1,4,-3,5,-6,7,-9,7,-12,6,-14,5,-16,3,-16,1,-16,0,-14,-2,-11,-2,-8,-1,-5,1,-2,4,0,8,1,13
2025-05-21 14:20:34.566000,2,23,5,24,6,24,7,24,8,23,9,21,11,19,12,18,14,17,16,17,17,18,17,19,16,19,14,19,12,18,9,15,8,13,7,9,7,6,7,3,8,1,9,-1,10,-2,11,-2,12,-2,3,-1,0,0,0,0,0,0,0,0,0,0,0,0,0,0,0,0,0,0,0,0,-1,4,-3,5,-6,7,-9,7,-12,6,-14,5,-16,3,-16,1,-16,0,-14,-2,-11,-2,-8,-1,-5,1,-2,4,0,8,1,13
2025-05-21 14:20:34.586000,2,23,5,24,6,24,7,24,8,23,9,21,11,19,12,18,14,17,16,17,17,18,17,19,16,19,14,19,12,18,9,15,8,13,7,9,7,6,7,3,8,1,9,-1,10,-2,11,-2,12,-2,3,-1,0,0,0,0,0,0,0,0,0,0,0,0,0,0,0,0,0,0,0,0,-1,4,-3,5,-6,7,-9,7,-12,6,-14,5,-16,3,-16,1,-16,0,-14,-2,-11,-2,-8,-1,-5,1,-2,4,0,8,1,13
2025-05-21 14:20:34.596000,2,23,5,24,6,24,7,24,8,23,9,21,11,19,12,18,14,17,16,17,17,18,17,19,16,19,14,19,12,18,9,15,8,13,7,9,7,6,7,3,8,1,9,-1,10,-2,11,-2,12,-2,3,-1,0,0,0,0,0,0,0,0,0,0,0,0,0,0,0,0,0,0,0,0,-1,4,-3,5,-6,7,-9,7,-12,6,-14,5,-16,3,-16,1,-16,0,-14,-2,-11,-2,-8,-1,-5,1,-2,4,0,8,1,13
2025-05-21 14:20:34.606000,-12,20,-11,22,-9,23,-8,23,-7,23,-5,22,-3,22,-1,22,1,23,2,23,3,24,3,25,1,25,0,24,-1,21,-2,18,-1,15,0,12,2,9,4,7,6,6,8,5,9,5,10,5,11,6,2,1,0,0,0,0,0,0,0,0,0,0,0,0,0,0,0,0,0,0,-1,0,-4,2,-6,2,-9,2,-12,0,-14,-2,-15,-4,-15,-6,-14,-8,-13,-9,-11,-9,-8,-8,-6,-6,-5,-2,-4,2,-5,7,-7,11
2025-05-21 14:20:34.616000,-12,20,-11,22,-9,23,-8,23,-7,23,-5,22,-3,22,-1,22,1,23,2,23,3,24,3,25,1,25,0,24,-1,21,-2,18,-1,15,0,12,2,9,4,7,6,6,8,5,9,5,10,5,11,6,2,1,0,0,0,0,0,0,0,0,0,0,0,0,0,0,0,0,0,0,-1,0,-4,2,-6,2,-9,2,-12,0,-14,-2,-15,-4,-15,-6,-14,-8,-13,-9,-11,-9,-8,-8,-6,-6,-5,-2,-4,2,-5,7,-7,11
2025-05-21 14:20:34.626000,-12,20,-11,22,-9,23,-8,23,-7,23,-5,22,-3,22,-1,22,1,23,2,23,3,24,3,25,1,25,0,24,-1,21,-2,18,-1,15,0,12,2,9,4,7,6,6,8,5,9,5,10,5,11,6,2,1,0,0,0,0,0,0,0,0,0,0,0,0,0,0,0,0,0,0,-1,0,-4,2,-6,2,-9,2,-12,0,-14,-2,-15,-4,-15,-6,-14,-8,-13,-9,-11,-9,-8,-8,-6,-6,-5,-2,-4,2,-5,7,-7,11
2025-05-21 14:20:34.636000,-12,20,-11,22,-9,23,-8,23,-7,23,-5,22,-3,22,-1,22,1,23,2,23,3,24,3,25,1,25,0,24,-1,21,-2,18,-1,15,0,12,2,9,4,7,6,6,8,5,9,5,10,5,11,6,2,1,0,0,0,0,0,0,0,0,0,0,0,0,0,0,0,0,0,0,-1,0,-4,2,-6,2,-9,2,-12,0,-14,-2,-15,-4,-15,-6,-14,-8,-13,-9,-11,-9,-8,-8,-6,-6,-5,-2,-4,2,-5,7,-7,11
2025-05-21 14:20:34.646000,-12,20,-11,22,-9,23,-8,23,-7,23,-5,22,-3,22,-1,22,1,23,2,23,3,24,3,25,1,25,0,24,-1,21,-2,18,-1,15,0,12,2,9,4,7,6,6,8,5,9,5,10,5,11,6,2,1,0,0,0,0,0,0,0,0,0,0,0,0,0,0,0,0,0,0,-1,0,-4,2,-6,2,-9,2,-12,0,-14,-2,-15,-4,-15,-6,-14,-8,-13,-9,-11,-9,-8,-8,-6,-6,-5,-2,-4,2,-5,7,-7,11
2025-05-21 14:20:34.656000,-23,10,-23,12,-22,13,-22,14,-20,15,-19,15,-17,16,-15,18,-14,19,-13,21,-13,22,-13,22,-14,22,-15,20,-14,17,-13,14,-10,12,-7,9,-4,8,-1,8,1,8,3,9,4,10,5,10,5,11,1,3,0,0,0,0,0,0,0,0,0,0,0,0,0,0,0,0,0,0,-1,0,-5,0,-7,-2,-9,-4,-10,-7,-10,-10,-10,-12,-9,-14,-7,-15,-5,-15,-3,-14,-2,-11,-2,-8,-3,-4,-5,-1,-9,3,-14,5
